{
    "Sample": {
      "Title": "A simple Angular single page application calling the Microsoft Graph using MSAL Angular v2 (Azure AD V2 endpoint)",
      "Level": 100,
      "Client": "SinglePageApplication"
    },
    "AppRegistrations": [
      {
        "x-ms-id": "AngularSpa",
        "x-ms-name": "ms-identity-javascript-angular-spa",
        "x-ms-version": "2.0",
        "replyUrlsWithType": [
          {
            "url": "http://localhost:4200/",
            "type": "Spa"
          }
        ],
        "requiredResourceAccess": [
          {
            "x-ms-resourceAppName": "Microsoft Graph",
            "resourceAppId": "00000003-0000-0000-c000-000000000000",
            "resourceAccess": [
              {
                "id": "e1fe6dd8-ba31-4d61-89e7-88639da4683d",
                "type": "Scope",
                "x-ms-name": "user.read"
              }
            ]
          }
        ],
        "codeConfigurations": [
          {
            "settingFile": "/src/app/app.module.ts",
            "replaceTokens":
              {
              "appId": "Enter_the_Application_Id_Here",
              "tenantId": "Enter_the_Tenant_Info_Here",
              "authorityEndpointHost": "Enter_the_Cloud_Instance_Id_Here",
              "redirectUri": "Enter_the_Redirect_Uri_Here",
              "msgraphEndpointHost": "Enter_the_Graph_Endpoint_Here"
            }
          },
          {
            "settingFile": "/src/app/profile/profile.component.ts",
            "replaceTokens":
              {
              "msgraphEndpointHost": "Enter_the_Graph_Endpoint_Here"
              }
            }
        ]
      }
    ]
  }
